{"entities":{"pages":{"Introduction":{"id":"Introduction","title":"Introduction","url":"introduction.html","level":0,"tabIndex":0},"page_01":{"id":"page_01","title":"Writing and Running Code","url":"page-01.html","level":0,"tabIndex":1},"page_02":{"id":"page_02","title":"Numbers and Math Operations","url":"page-02.html","level":0,"tabIndex":2},"page_03":{"id":"page_03","title":"Strings and Beyond","url":"page-03.html","level":0,"tabIndex":3},"page_04":{"id":"page_04","title":"HTML, CSS, and console.log","url":"page-04.html","level":0,"tabIndex":4},"page_05":{"id":"page_05","title":"Variables","url":"page-05.html","level":0,"tabIndex":5},"page_06":{"id":"page_06","title":"Booleans and if-statements","url":"page-06.html","level":0,"tabIndex":6},"page_07":{"id":"page_07","title":"Functions","url":"page-07.html","level":0,"tabIndex":7},"page_08":{"id":"page_08","title":"JavaScript Objects","url":"page-08.html","level":0,"tabIndex":8}}},"topLevelIds":["Introduction","page_01","page_02","page_03","page_04","page_05","page_06","page_07","page_08"]}